{
  "correios" : {
    "transaction" : "correios",
    "sampleCount" : 50,
    "errorCount" : 0,
    "errorPct" : 0.0,
    "meanResTime" : 3671.3199999999997,
    "minResTime" : 1375.0,
    "maxResTime" : 9827.0,
    "pct1ResTime" : 6487.7,
    "pct2ResTime" : 8442.999999999996,
    "pct3ResTime" : 9827.0,
    "throughput" : 5.02563071665494,
    "receivedKBytesPerSec" : 796.5197703600865,
    "sentKBytesPerSec" : 0.6036646270982008
  },
  "Total" : {
    "transaction" : "Total",
    "sampleCount" : 247,
    "errorCount" : 1,
    "errorPct" : 0.4048583,
    "meanResTime" : 4452.0809716599215,
    "minResTime" : 93.0,
    "maxResTime" : 21004.0,
    "pct1ResTime" : 9647.800000000003,
    "pct2ResTime" : 10457.599999999999,
    "pct3ResTime" : 13047.080000000004,
    "throughput" : 10.447950594306501,
    "receivedKBytesPerSec" : 749.9116834894886,
    "sentKBytesPerSec" : 1.6587641702973648
  },
  "gov-2" : {
    "transaction" : "gov-2",
    "sampleCount" : 49,
    "errorCount" : 0,
    "errorPct" : 0.0,
    "meanResTime" : 6569.224489795917,
    "minResTime" : 523.0,
    "maxResTime" : 10187.0,
    "pct1ResTime" : 9316.0,
    "pct2ResTime" : 9580.5,
    "pct3ResTime" : 10187.0,
    "throughput" : 2.9306220095693782,
    "receivedKBytesPerSec" : 290.2008494691986,
    "sentKBytesPerSec" : 0.3405703311901914
  },
  "gov-1" : {
    "transaction" : "gov-1",
    "sampleCount" : 49,
    "errorCount" : 0,
    "errorPct" : 0.0,
    "meanResTime" : 1869.0816326530617,
    "minResTime" : 407.0,
    "maxResTime" : 9473.0,
    "pct1ResTime" : 4362.0,
    "pct2ResTime" : 8357.0,
    "pct3ResTime" : 9473.0,
    "throughput" : 2.8872782982735252,
    "receivedKBytesPerSec" : 1.6430256945672028,
    "sentKBytesPerSec" : 0.32143527929998233
  },
  "gov-0" : {
    "transaction" : "gov-0",
    "sampleCount" : 49,
    "errorCount" : 0,
    "errorPct" : 0.0,
    "meanResTime" : 694.9795918367346,
    "minResTime" : 93.0,
    "maxResTime" : 9383.0,
    "pct1ResTime" : 2828.0,
    "pct2ResTime" : 3177.0,
    "pct3ResTime" : 9383.0,
    "throughput" : 4.164541900390957,
    "receivedKBytesPerSec" : 1.756916114227435,
    "sentKBytesPerSec" : 0.463630641254462
  },
  "gov" : {
    "transaction" : "gov",
    "sampleCount" : 50,
    "errorCount" : 1,
    "errorPct" : 2.0,
    "meanResTime" : 9371.339999999998,
    "minResTime" : 4648.0,
    "maxResTime" : 21004.0,
    "pct1ResTime" : 11704.3,
    "pct2ResTime" : 13022.3,
    "pct3ResTime" : 21004.0,
    "throughput" : 2.25022502250225,
    "receivedKBytesPerSec" : 220.6738544948245,
    "sentKBytesPerSec" : 0.7472768761251125
  }
}